Core,,Name,1-99,100-499,500-999,1000-1999,2000-4999,,,,,,
8051,,MG51FB9AE,0.48,0.40,0.31,0.26,0.23,,83.33%,64.00%,53.33%,48.33%,0.00%
8051,,MG51FC9AE,0.62,0.52,0.40,0.33,0.30,,83.33%,64.00%,53.33%,48.33%,0.00%
8051,,MG51XB9AE,0.48,0.40,0.31,0.26,0.23,,83.33%,64.00%,53.33%,48.33%,0.00%
8051,,MG51XC9AE,0.62,0.52,0.40,0.33,0.30,,83.33%,64.00%,53.33%,48.33%,0.00%
8051,,MUG51TB9AE,1.50,1.25,0.96,0.80,0.73,,83.33%,64.00%,53.33%,48.33%,0.00%
8051,,N76E003AT20,0.30,-,-,-,-,,#VALUE!,#VALUE!,#VALUE!,#VALUE!,0.00%
8051,,N76E616AL48,1.14,0.95,0.73,0.61,0.55,,83.33%,64.00%,53.33%,48.33%,0.00%
8051,,N76E885AT20,0.75,0.63,0.48,0.40,0.36,,83.33%,64.00%,53.33%,48.33%,0.00%
8051,,N76E885AT28,0.99,0.83,0.63,0.53,0.48,,83.33%,64.00%,53.33%,48.33%,0.00%
8051,,N76S003AQ20,0.22,-,-,-,-,,#VALUE!,#VALUE!,#VALUE!,#VALUE!,0.00%
8051,,N76S003AT20,0.22,-,-,-,-,,#VALUE!,#VALUE!,#VALUE!,#VALUE!,0.00%
8051,,N79E715AS16,0.69,0.58,0.44,0.37,0.33,,83.33%,64.00%,53.33%,48.33%,0.00%
8051,,N79E715AT20,0.66,0.55,0.42,0.35,0.32,,83.33%,64.00%,53.33%,48.33%,0.00%
8051,,N79E715AT28,0.84,0.70,0.54,0.45,0.41,,83.33%,64.00%,53.33%,48.33%,0.00%
8051,,N79E823ADG,1.44,1.20,0.92,0.77,0.70,,83.33%,64.00%,53.33%,48.33%,0.00%
8051,,N79E825ADG,1.44,1.20,0.92,0.77,0.70,,83.33%,64.00%,53.33%,48.33%,0.00%
8051,,W78E052DDG,1.74,1.45,1.11,0.93,0.84,,83.33%,64.00%,53.33%,48.33%,0.00%
8051,,W78E052DFG,1.74,1.45,1.11,0.93,0.84,,83.33%,64.00%,53.33%,48.33%,0.00%
8051,,W78E052DPG,1.74,1.45,1.11,0.93,0.84,,83.33%,64.00%,53.33%,48.33%,0.00%
8051,,W78E054DDG,1.89,1.58,1.21,1.01,0.91,,83.33%,64.00%,53.33%,48.33%,0.00%
8051,,W78E054DFG,1.89,1.58,1.21,1.01,0.91,,83.33%,64.00%,53.33%,48.33%,0.00%
8051,,W78E058DDG,2.28,1.90,1.46,1.22,1.10,,83.33%,64.00%,53.33%,48.33%,0.00%
8051,,W78E058DFG,2.28,1.90,1.46,1.22,1.10,,83.33%,64.00%,53.33%,48.33%,0.00%
8051,,W78E058DPG,2.28,1.90,1.46,1.22,1.10,,83.33%,64.00%,53.33%,48.33%,0.00%
8051,,W78E516DPG,2.52,2.10,1.61,1.34,1.22,,83.33%,64.00%,53.33%,48.33%,0.00%
8051,,ML51BB9AE,0.72,0.60,0.46,0.38,0.35,,83.33%,64.00%,53.33%,48.33%,0.00%
8051,,ML51DB9AE,0.78,0.65,0.50,0.42,0.38,,83.33%,64.00%,53.33%,48.33%,0.00%
8051,,ML51EB9AE,0.99,0.83,0.63,0.53,0.48,,83.33%,64.00%,53.33%,48.33%,0.00%
8051,,ML51EC0AE,1.23,1.03,0.79,0.66,0.59,,83.33%,64.00%,53.33%,48.33%,0.00%
8051,,ML51FB9AE,0.84,0.70,0.54,0.45,0.41,,83.33%,64.00%,53.33%,48.33%,0.00%
8051,,ML51PB9AE,1.23,1.03,0.79,0.66,0.59,,83.33%,64.00%,53.33%,48.33%,0.00%
8051,,ML51PC0AE,1.29,1.08,0.83,0.69,0.62,,83.33%,64.00%,53.33%,48.33%,0.00%
8051,,ML51TB9AE,1.08,0.90,0.69,0.58,0.52,,83.33%,64.00%,53.33%,48.33%,0.00%
8051,,ML51TC0AE,1.29,1.08,0.83,0.69,0.62,,83.33%,64.00%,53.33%,48.33%,0.00%
8051,,ML51TC0AE,1.29,1.08,0.83,0.69,0.62,,83.33%,64.00%,53.33%,48.33%,0.00%
8051,,ML51TD1AE,1.35,1.13,0.86,0.72,0.65,,83.33%,64.00%,53.33%,48.33%,0.00%
8051,,ML51XB9AE,0.84,0.70,0.54,0.45,0.41,,83.33%,64.00%,53.33%,48.33%,0.00%
8051,,ML51XB9AE,0.84,0.70,0.54,0.45,0.41,,83.33%,64.00%,53.33%,48.33%,0.00%
8051,,MS51BA9AE,0.57,0.48,0.36,0.30,0.28,,83.33%,64.00%,53.33%,48.33%,0.00%
8051,,MS51DA9AE,0.57,0.48,0.36,0.30,0.28,,83.33%,64.00%,53.33%,48.33%,0.00%
8051,,MS51EC0AE,0.84,0.70,0.54,0.45,0.41,,83.33%,64.00%,53.33%,48.33%,0.00%
8051,,MS51FB9AE,0.39,-,-,-,-,,#VALUE!,#VALUE!,#VALUE!,#VALUE!,0.00%
8051,,MS51FC0AE,0.72,0.60,0.46,0.38,0.35,,83.33%,64.00%,53.33%,48.33%,0.00%
8051,,MS51PC0AE,0.99,0.83,0.63,0.53,0.48,,83.33%,64.00%,53.33%,48.33%,0.00%
8051,,MS51TC0AE,0.84,0.70,0.54,0.45,0.41,,83.33%,64.00%,53.33%,48.33%,0.00%
8051,,MS51XB9AE,0.53,0.44,0.34,0.28,0.26,,83.33%,64.00%,53.33%,48.33%,0.00%
8051,,MS51XC0BE,0.72,0.60,0.46,0.38,0.35,,83.33%,64.00%,53.33%,48.33%,0.00%
8051,,ML51LD1AE,1.56,1.30,1.00,0.83,0.75,,83.33%,64.00%,53.33%,48.33%,0.00%
8051,,ML51SD1AE,1.62,1.35,1.04,0.86,0.78,,83.33%,64.00%,53.33%,48.33%,0.00%
8051,,ML54LD1AE,1.74,1.45,1.11,0.93,0.84,,83.33%,64.00%,53.33%,48.33%,0.00%
8051,,ML54MD1AE,1.89,1.58,1.21,1.01,0.91,,83.33%,64.00%,53.33%,48.33%,0.00%
8051,,ML56LD1AE,2.07,1.73,1.32,1.10,1.00,,83.33%,64.00%,53.33%,48.33%,0.00%
8051,,ML51OB9AE,0.84,0.70,0.54,0.45,0.41,,83.33%,64.00%,53.33%,48.33%,0.00%
8051,,ML51UB9AE,1.23,1.03,0.79,0.66,0.59,,83.33%,64.00%,53.33%,48.33%,0.00%
8051,,ML51UB9AE,1.23,1.03,0.79,0.66,0.59,,83.33%,64.00%,53.33%,48.33%,0.00%
8051,,ML51UC0AE,1.29,1.08,0.83,0.69,0.62,,83.33%,64.00%,53.33%,48.33%,0.00%
8051,,ML51UC0AE,1.29,1.08,0.83,0.69,0.62,,83.33%,64.00%,53.33%,48.33%,0.00%
8051,,ML56MD1AE,2.01,1.68,1.29,1.07,0.97,,83.33%,64.00%,53.33%,48.33%,0.00%
8051,,ML56SD1AE,2.13,1.78,1.36,1.14,1.03,,83.33%,64.00%,53.33%,48.33%,0.00%
8051,,ML54SD1AE,1.80,1.50,1.15,0.96,0.87,,83.33%,64.00%,53.33%,48.33%,0.00%
8051,,W78E516DFG,2.52,2.10,1.61,1.34,1.22,,83.33%,64.00%,53.33%,48.33%,0.00%
8051,,W78E054DPG,1.89,1.58,1.21,1.01,0.91,,83.33%,64.00%,53.33%,48.33%,0.00%
8051,,W78E365A40FL,2.58,2.15,1.65,1.38,1.25,,83.33%,64.00%,53.33%,48.33%,0.00%
8051,,N79E815AT28,0.84,0.70,0.54,0.45,0.41,,83.33%,64.00%,53.33%,48.33%,0.00%
8051,,W78E065A40PL,2.43,2.03,1.56,1.30,1.17,,83.33%,64.00%,53.33%,48.33%,0.00%
8051,,MS51EB0AE,0.75,0.63,0.48,0.40,0.36,,83.33%,64.00%,53.33%,48.33%,0.00%
8051,,MS51XB9BE,0.53,0.44,0.34,0.28,0.26,,83.33%,64.00%,53.33%,48.33%,0.00%
8051,,W78E516DDG,2.52,2.10,1.61,1.34,1.22,,83.33%,64.00%,53.33%,48.33%,0.00%
8051,,W79E8213RAKG,1.56,1.30,1.00,0.83,0.75,,83.33%,64.00%,53.33%,48.33%,0.00%
8051,,N78E517APG,,,,,,,,,,,
8051,,W925E240FG,,,,,,,,,,,
8051,,N78E366APG,,,,,,,,,,,
8051,,N78E366ALG,,,,,,,,,,,
8051,,N78E059APG,,,,,,,,,,,
8051,,N78E059APG,,,,,,,,,,,
,,,,,,,,,,,,,
,,Name,1-99,100-499,500-999,1000-1999,2000-4999,,,,,,
M0M23,,M031EB0AE,0.63,0.48,0.40,0.36,0.35,,76.80%,64.00%,58.00%,56.00%,0.00%
M0M23,,M031EC1AE,0.70,0.54,0.45,0.41,0.39,,76.80%,64.00%,58.00%,56.00%,0.00%
M0M23,,M031FB0AE,0.55,0.42,0.35,0.32,0.31,,76.80%,64.00%,58.00%,56.00%,0.00%
M0M23,,M031FC1AE,0.63,0.48,0.40,0.36,0.35,,76.80%,64.00%,58.00%,56.00%,0.00%
M0M23,,M031KG6AE,2.70,2.07,1.73,1.57,1.51,,76.80%,64.00%,58.00%,56.00%,0.00%
M0M23,,M031KG8AE,3.38,2.59,2.16,1.96,1.89,,76.80%,64.00%,58.00%,56.00%,0.00%
M0M23,,M031KIAAE,4.05,3.11,2.59,2.35,2.27,,76.80%,64.00%,58.00%,56.00%,0.00%
M0M23,,M031LC2AE,0.85,0.65,0.54,0.49,0.48,,76.80%,64.00%,58.00%,56.00%,0.00%
M0M23,,M031LD2AE,0.90,0.69,0.58,0.52,0.50,,76.80%,64.00%,58.00%,56.00%,0.00%
M0M23,,M031LE3AE,1.20,0.92,0.77,0.70,0.67,,76.80%,64.00%,58.00%,56.00%,0.00%
M0M23,,M031LG6AE,2.30,1.77,1.47,1.33,1.29,,76.80%,64.00%,58.00%,56.00%,0.00%
M0M23,,M031LG8AE,2.98,2.28,1.90,1.73,1.67,,76.80%,64.00%,58.00%,56.00%,0.00%
M0M23,,M031SC2AE,1.33,1.02,0.85,0.77,0.74,,76.80%,64.00%,58.00%,56.00%,0.00%
M0M23,,M031SD2AE,1.58,1.21,1.01,0.91,0.88,,76.80%,64.00%,58.00%,56.00%,0.00%
M0M23,,M031SE3AE,1.88,1.44,1.20,1.09,1.05,,76.80%,64.00%,58.00%,56.00%,0.00%
M0M23,,M031SG6AE,2.43,1.86,1.55,1.41,1.36,,76.80%,64.00%,58.00%,56.00%,0.00%
M0M23,,M031SG8AE,3.23,2.48,2.06,1.87,1.81,,76.80%,64.00%,58.00%,56.00%,0.00%
M0M23,,M031SIAAE,3.53,2.71,2.26,2.04,1.97,,76.80%,64.00%,58.00%,56.00%,0.00%
M0M23,,M031TB0AE,0.65,0.50,0.42,0.38,0.36,,76.80%,64.00%,58.00%,56.00%,0.00%
M0M23,,M031TC1AE,0.73,0.56,0.46,0.42,0.41,,76.80%,64.00%,58.00%,56.00%,0.00%
M0M23,,M031TD2AE,0.88,0.67,0.56,0.51,0.49,,76.80%,64.00%,58.00%,56.00%,0.00%
M0M23,,M032EC1AE,0.75,0.58,0.48,0.44,0.42,,76.80%,64.00%,58.00%,56.00%,0.00%
M0M23,,M032FC1AE,0.68,0.52,0.43,0.39,0.38,,76.80%,64.00%,58.00%,56.00%,0.00%
M0M23,,M032KG6AE,2.98,2.28,1.90,1.73,1.67,,76.80%,64.00%,58.00%,56.00%,0.00%
M0M23,,M032KG8AE,3.53,2.71,2.26,2.04,1.97,,76.80%,64.00%,58.00%,56.00%,0.00%
M0M23,,M032LD2AE,0.95,0.73,0.61,0.55,0.53,,76.80%,64.00%,58.00%,56.00%,0.00%
M0M23,,M032LE3AE,1.25,0.96,0.80,0.73,0.70,,76.80%,64.00%,58.00%,56.00%,0.00%
M0M23,,M032LG6AE,2.43,1.86,1.55,1.41,1.36,,76.80%,64.00%,58.00%,56.00%,0.00%
M0M23,,M032LG8AE,3.23,2.48,2.06,1.87,1.81,,76.80%,64.00%,58.00%,56.00%,0.00%
M0M23,,M032SE3AE,2.03,1.56,1.30,1.17,1.13,,76.80%,64.00%,58.00%,56.00%,0.00%
M0M23,,M032SG6AE,2.55,1.96,1.63,1.48,1.43,,76.80%,64.00%,58.00%,56.00%,0.00%
M0M23,,M032SG8AE,3.38,2.59,2.16,1.96,1.89,,76.80%,64.00%,58.00%,56.00%,0.00%
M0M23,,M032SIAAE,3.63,2.78,2.32,2.10,2.03,,76.80%,64.00%,58.00%,56.00%,0.00%
M0M23,,M032TC1AE,0.80,0.61,0.51,0.46,0.45,,76.80%,64.00%,58.00%,56.00%,0.00%
M0M23,,M0516LDE,2.03,1.56,1.30,1.17,1.13,,76.80%,64.00%,58.00%,56.00%,0.00%
M0M23,,M0516LDN,1.88,1.44,1.20,1.09,1.05,,76.80%,64.00%,58.00%,56.00%,0.00%
M0M23,,M0516ZDE,2.13,1.63,1.36,1.23,1.19,,76.80%,64.00%,58.00%,56.00%,0.00%
M0M23,,M0516ZDN,1.80,1.38,1.15,1.04,1.01,,76.80%,64.00%,58.00%,56.00%,0.00%
M0M23,,M0518LD2AE,2.33,1.79,1.49,1.35,1.30,,76.80%,64.00%,58.00%,56.00%,0.00%
M0M23,,M0518SC2AE,2.38,1.82,1.52,1.38,1.33,,76.80%,64.00%,58.00%,56.00%,0.00%
M0M23,,M0518SD2AE,2.50,1.92,1.60,1.45,1.40,,76.80%,64.00%,58.00%,56.00%,0.00%
M0M23,,M0519LD3AE,2.65,2.04,1.70,1.54,1.48,,76.80%,64.00%,58.00%,56.00%,0.00%
M0M23,,M0519LE3AE,2.88,2.21,1.84,1.67,1.61,,76.80%,64.00%,58.00%,56.00%,0.00%
M0M23,,M0519SD3AE,2.73,2.09,1.74,1.58,1.53,,76.80%,64.00%,58.00%,56.00%,0.00%
M0M23,,M0519SE3AE,3.18,2.44,2.03,1.84,1.78,,76.80%,64.00%,58.00%,56.00%,0.00%
M0M23,,M0519VE3AE,4.03,3.09,2.58,2.33,2.25,,76.80%,64.00%,58.00%,56.00%,0.00%
M0M23,,M052LDE,1.60,1.23,1.02,0.93,0.90,,76.80%,64.00%,58.00%,56.00%,0.00%
M0M23,,M052LDN,1.40,1.08,0.90,0.81,0.78,,76.80%,64.00%,58.00%,56.00%,0.00%
M0M23,,M052ZDE,1.58,1.21,1.01,0.91,0.88,,76.80%,64.00%,58.00%,56.00%,0.00%
M0M23,,M052ZDN,1.35,1.04,0.86,0.78,0.76,,76.80%,64.00%,58.00%,56.00%,0.00%
M0M23,,M054LDE,1.68,1.29,1.07,0.97,0.94,,76.80%,64.00%,58.00%,56.00%,0.00%
M0M23,,M054LDN,1.58,1.21,1.01,0.91,0.88,,76.80%,64.00%,58.00%,56.00%,0.00%
M0M23,,M054ZDE,1.65,1.27,1.06,0.96,0.92,,76.80%,64.00%,58.00%,56.00%,0.00%
M0M23,,M054ZDN,1.53,1.17,0.98,0.88,0.85,,76.80%,64.00%,58.00%,56.00%,0.00%
M0M23,,M0564LE4AE,2.88,2.21,1.84,1.67,1.61,,76.80%,64.00%,58.00%,56.00%,0.00%
M0M23,,M0564LG4AE,3.18,2.44,2.03,1.84,1.78,,76.80%,64.00%,58.00%,56.00%,0.00%
M0M23,,M0564VG4AE,4.03,3.09,2.58,2.33,2.25,,76.80%,64.00%,58.00%,56.00%,0.00%
M0M23,,M058LDE,1.93,1.48,1.23,1.12,1.08,,76.80%,64.00%,58.00%,56.00%,0.00%
M0M23,,M058LDN,1.73,1.32,1.10,1.00,0.97,,76.80%,64.00%,58.00%,56.00%,0.00%
M0M23,,M058SFAN,1.30,1.00,0.83,0.75,0.73,,76.80%,64.00%,58.00%,56.00%,0.00%
M0M23,,M058SLAN,1.78,1.36,1.14,1.03,0.99,,76.80%,64.00%,58.00%,56.00%,0.00%
M0M23,,M058SSAN,1.93,1.48,1.23,1.12,1.08,,76.80%,64.00%,58.00%,56.00%,0.00%
M0M23,,M058SZAN,1.73,1.32,1.10,1.00,0.97,,76.80%,64.00%,58.00%,56.00%,0.00%
M0M23,,M058ZDE,1.88,1.44,1.20,1.09,1.05,,76.80%,64.00%,58.00%,56.00%,0.00%
M0M23,,M0A23EC1ACU,2.00,1.54,1.28,1.16,1.12,,76.80%,64.00%,58.00%,56.00%,0.00%
M0M23,,M0A23OC1ACU,1.88,1.44,1.20,1.09,1.05,,76.80%,64.00%,58.00%,56.00%,0.00%
M0M23,,M2351KIAAE,4.18,3.21,2.67,2.42,2.34,,76.80%,64.00%,58.00%,56.00%,0.00%
M0M23,,M2351SFSIAAP,6.33,4.86,4.05,3.67,3.54,,76.80%,64.00%,58.00%,56.00%,0.00%
M0M23,,M2351SIAAE,4.08,3.13,2.61,2.36,2.28,,76.80%,64.00%,58.00%,56.00%,0.00%
M0M23,,M2351ZIAAE,4.03,3.09,2.58,2.33,2.25,,76.80%,64.00%,58.00%,56.00%,0.00%
M0M23,,M254KG6AE,3.00,2.30,1.92,1.74,1.68,,76.80%,64.00%,58.00%,56.00%,0.00%
M0M23,,M256SD2AE,1.88,1.44,1.20,1.09,1.05,,76.80%,64.00%,58.00%,56.00%,0.00%
M0M23,,M256SE3AE,2.38,1.82,1.52,1.38,1.33,,76.80%,64.00%,58.00%,56.00%,0.00%
M0M23,,M258KG6AE,3.13,2.40,2.00,1.81,1.75,,76.80%,64.00%,58.00%,56.00%,0.00%
M0M23,,M258SG6AE,3.00,2.30,1.92,1.74,1.68,,76.80%,64.00%,58.00%,56.00%,0.00%
M0M23,,MINI51FDE,0.88,0.67,0.56,0.51,0.49,,76.80%,64.00%,58.00%,56.00%,0.00%
M0M23,,MINI51LDE,1.15,0.88,0.74,0.67,0.64,,76.80%,64.00%,58.00%,56.00%,0.00%
M0M23,,MINI51TDE,1.10,0.84,0.70,0.64,0.62,,76.80%,64.00%,58.00%,56.00%,0.00%
M0M23,,MINI51ZDE,1.10,0.84,0.70,0.64,0.62,,76.80%,64.00%,58.00%,56.00%,0.00%
M0M23,,MINI52FDE,0.93,0.71,0.59,0.54,0.52,,76.80%,64.00%,58.00%,56.00%,0.00%
M0M23,,MINI52LDE,1.30,1.00,0.83,0.75,0.73,,76.80%,64.00%,58.00%,56.00%,0.00%
M0M23,,MINI52TDE,1.23,0.94,0.78,0.71,0.69,,76.80%,64.00%,58.00%,56.00%,0.00%
M0M23,,MINI52ZDE,1.20,0.92,0.77,0.70,0.67,,76.80%,64.00%,58.00%,56.00%,0.00%
M0M23,,MINI54FDE,1.03,0.79,0.66,0.59,0.57,,76.80%,64.00%,58.00%,56.00%,0.00%
M0M23,,MINI54LDE,1.48,1.13,0.94,0.86,0.83,,76.80%,64.00%,58.00%,56.00%,0.00%
M0M23,,MINI54TDE,1.38,1.06,0.88,0.80,0.77,,76.80%,64.00%,58.00%,56.00%,0.00%
M0M23,,MINI54ZDE,1.23,0.94,0.78,0.71,0.69,,76.80%,64.00%,58.00%,56.00%,0.00%
M0M23,,MINI58FDE,1.10,0.84,0.70,0.64,0.62,,76.80%,64.00%,58.00%,56.00%,0.00%
M0M23,,MINI58LDE,1.55,1.19,0.99,0.90,0.87,,76.80%,64.00%,58.00%,56.00%,0.00%
M0M23,,MINI58TDE,1.43,1.09,0.91,0.83,0.80,,76.80%,64.00%,58.00%,56.00%,0.00%
M0M23,,MINI58ZDE,1.30,1.00,0.83,0.75,0.73,,76.80%,64.00%,58.00%,56.00%,0.00%
M0M23,,NANO100KD3BN,2.73,2.09,1.74,1.58,1.53,,76.80%,64.00%,58.00%,56.00%,0.00%
M0M23,,NANO100KE3BN,2.88,2.21,1.84,1.67,1.61,,76.80%,64.00%,58.00%,56.00%,0.00%
M0M23,,NANO100LC2BN,2.30,1.77,1.47,1.33,1.29,,76.80%,64.00%,58.00%,56.00%,0.00%
M0M23,,NANO100LD2BN,2.73,2.09,1.74,1.58,1.53,,76.80%,64.00%,58.00%,56.00%,0.00%
M0M23,,NANO100LD3BN,2.88,2.21,1.84,1.67,1.61,,76.80%,64.00%,58.00%,56.00%,0.00%
M0M23,,NANO100LE3BN,2.60,2.00,1.66,1.51,1.46,,76.80%,64.00%,58.00%,56.00%,0.00%
M0M23,,NANO100NC2BN,2.15,1.65,1.38,1.25,1.20,,76.80%,64.00%,58.00%,56.00%,0.00%
M0M23,,NANO100NE3BN,2.45,1.88,1.57,1.42,1.37,,76.80%,64.00%,58.00%,56.00%,0.00%
M0M23,,NANO100SC2BN,2.15,1.65,1.38,1.25,1.20,,76.80%,64.00%,58.00%,56.00%,0.00%
M0M23,,NANO100SD2BN,2.30,1.77,1.47,1.33,1.29,,76.80%,64.00%,58.00%,56.00%,0.00%
M0M23,,NANO100SD3BN,2.45,1.88,1.57,1.42,1.37,,76.80%,64.00%,58.00%,56.00%,0.00%
M0M23,,NANO100SE3BN,2.60,2.00,1.66,1.51,1.46,,76.80%,64.00%,58.00%,56.00%,0.00%
M0M23,,NANO102LB1AN,2.03,1.56,1.30,1.17,1.13,,76.80%,64.00%,58.00%,56.00%,0.00%
M0M23,,NANO102LC2AN,2.15,1.65,1.38,1.25,1.20,,76.80%,64.00%,58.00%,56.00%,0.00%
M0M23,,NANO102SC2AN,2.23,1.71,1.42,1.29,1.25,,76.80%,64.00%,58.00%,56.00%,0.00%
M0M23,,NANO102ZB1AN,1.95,1.50,1.25,1.13,1.09,,76.80%,64.00%,58.00%,56.00%,0.00%
M0M23,,NANO110KC2BN,3.03,2.32,1.94,1.75,1.69,,76.80%,64.00%,58.00%,56.00%,0.00%
M0M23,,NANO110KE3BN,3.45,2.65,2.21,2.00,1.93,,76.80%,64.00%,58.00%,56.00%,0.00%
M0M23,,NANO110SC2BN,2.45,1.88,1.57,1.42,1.37,,76.80%,64.00%,58.00%,56.00%,0.00%
M0M23,,NANO110SD2BN,2.60,2.00,1.66,1.51,1.46,,76.80%,64.00%,58.00%,56.00%,0.00%
M0M23,,NANO110SE3BN,2.88,2.21,1.84,1.67,1.61,,76.80%,64.00%,58.00%,56.00%,0.00%
M0M23,,NANO112LB1AN,2.15,1.65,1.38,1.25,1.20,,76.80%,64.00%,58.00%,56.00%,0.00%
M0M23,,NANO112LC2AN,2.30,1.77,1.47,1.33,1.29,,76.80%,64.00%,58.00%,56.00%,0.00%
M0M23,,NANO112RC2AN,2.45,1.88,1.57,1.42,1.37,,76.80%,64.00%,58.00%,56.00%,0.00%
M0M23,,NANO112SB1AN,2.23,1.71,1.42,1.29,1.25,,76.80%,64.00%,58.00%,56.00%,0.00%
M0M23,,NANO112SC2AN,2.35,1.80,1.50,1.36,1.32,,76.80%,64.00%,58.00%,56.00%,0.00%
M0M23,,NANO112VC2AN,2.73,2.09,1.74,1.58,1.53,,76.80%,64.00%,58.00%,56.00%,0.00%
M0M23,,NANO120KD3BN,3.18,2.44,2.03,1.84,1.78,,76.80%,64.00%,58.00%,56.00%,0.00%
M0M23,,NANO120KE3BN,3.30,2.53,2.11,1.91,1.85,,76.80%,64.00%,58.00%,56.00%,0.00%
M0M23,,NANO120LC2BN,2.15,1.65,1.38,1.25,1.20,,76.80%,64.00%,58.00%,56.00%,0.00%
M0M23,,NANO120LD2BN,2.30,1.77,1.47,1.33,1.29,,76.80%,64.00%,58.00%,56.00%,0.00%
M0M23,,NANO120LD3BN,2.45,1.88,1.57,1.42,1.37,,76.80%,64.00%,58.00%,56.00%,0.00%
M0M23,,NANO120LE3BN,2.60,2.00,1.66,1.51,1.46,,76.80%,64.00%,58.00%,56.00%,0.00%
M0M23,,NANO120SC2BN,2.30,1.77,1.47,1.33,1.29,,76.80%,64.00%,58.00%,56.00%,0.00%
M0M23,,NANO120SE3BN,2.73,2.09,1.74,1.58,1.53,,76.80%,64.00%,58.00%,56.00%,0.00%
M0M23,,NANO130KC2BN,3.03,2.32,1.94,1.75,1.69,,76.80%,64.00%,58.00%,56.00%,0.00%
M0M23,,NANO130KD2BN,3.18,2.44,2.03,1.84,1.78,,76.80%,64.00%,58.00%,56.00%,0.00%
M0M23,,NANO130KD3BN,3.30,2.53,2.11,1.91,1.85,,76.80%,64.00%,58.00%,56.00%,0.00%
M0M23,,NANO130KE3BN,3.45,2.65,2.21,2.00,1.93,,76.80%,64.00%,58.00%,56.00%,0.00%
M0M23,,NANO130SC2BN,2.45,1.88,1.57,1.42,1.37,,76.80%,64.00%,58.00%,56.00%,0.00%
M0M23,,NANO130SD2BN,2.60,2.00,1.66,1.51,1.46,,76.80%,64.00%,58.00%,56.00%,0.00%
M0M23,,NANO130SD3BN,2.73,2.09,1.74,1.58,1.53,,76.80%,64.00%,58.00%,56.00%,0.00%
M0M23,,NANO130SE3BN,2.88,2.21,1.84,1.67,1.61,,76.80%,64.00%,58.00%,56.00%,0.00%
M0M23,,NANO100LC2AN,2.08,1.59,1.33,1.20,1.16,,76.80%,64.00%,58.00%,56.00%,0.00%
M0M23,,NUC029FAE,1.00,0.77,0.64,0.58,0.56,,76.80%,64.00%,58.00%,56.00%,0.00%
M0M23,,NUC029KGE,3.18,2.44,2.03,1.84,1.78,,76.80%,64.00%,58.00%,56.00%,0.00%
M0M23,,NUC029LAN,1.50,1.15,0.96,0.87,0.84,,76.80%,64.00%,58.00%,56.00%,0.00%
M0M23,,NUC029LDE,2.03,1.56,1.30,1.17,1.13,,76.80%,64.00%,58.00%,56.00%,0.00%
M0M23,,NUC029LEE,2.30,1.77,1.47,1.33,1.29,,76.80%,64.00%,58.00%,56.00%,0.00%
M0M23,,NUC029LGE,2.60,2.00,1.66,1.51,1.46,,76.80%,64.00%,58.00%,56.00%,0.00%
M0M23,,NUC029NAN,1.88,1.44,1.20,1.09,1.05,,76.80%,64.00%,58.00%,56.00%,0.00%
M0M23,,NUC029SDE,2.15,1.65,1.38,1.25,1.20,,76.80%,64.00%,58.00%,56.00%,0.00%
M0M23,,NUC029SEE,2.45,1.88,1.57,1.42,1.37,,76.80%,64.00%,58.00%,56.00%,0.00%
M0M23,,NUC029SGE,2.73,2.09,1.74,1.58,1.53,,76.80%,64.00%,58.00%,56.00%,0.00%
M0M23,,NUC029TAN,1.30,1.00,0.83,0.75,0.73,,76.80%,64.00%,58.00%,56.00%,0.00%
M0M23,,NUC029ZAN,1.45,1.11,0.93,0.84,0.81,,76.80%,64.00%,58.00%,56.00%,0.00%
M0M23,,NUC100LC1DN,2.53,1.94,1.62,1.46,1.41,,76.80%,64.00%,58.00%,56.00%,0.00%
M0M23,,NUC100LE3DN,3.95,3.03,2.53,2.29,2.21,,76.80%,64.00%,58.00%,56.00%,0.00%
M0M23,,NUC100RC1DN,3.05,2.34,1.95,1.77,1.71,,76.80%,64.00%,58.00%,56.00%,0.00%
M0M23,,NUC100RD1DN,3.45,2.65,2.21,2.00,1.93,,76.80%,64.00%,58.00%,56.00%,0.00%
M0M23,,NUC100RD2DN,3.63,2.78,2.32,2.10,2.03,,76.80%,64.00%,58.00%,56.00%,0.00%
M0M23,,NUC100RE3DN,4.23,3.24,2.70,2.45,2.37,,76.80%,64.00%,58.00%,56.00%,0.00%
M0M23,,NUC100VE3DN,4.68,3.59,2.99,2.71,2.62,,76.80%,64.00%,58.00%,56.00%,0.00%
M0M23,,NUC120LC1DN,3.03,2.32,1.94,1.75,1.69,,76.80%,64.00%,58.00%,56.00%,0.00%
M0M23,,NUC120LD2DN,3.75,2.88,2.40,2.18,2.10,,76.80%,64.00%,58.00%,56.00%,0.00%
M0M23,,NUC120LE3DN,4.23,3.24,2.70,2.45,2.37,,76.80%,64.00%,58.00%,56.00%,0.00%
M0M23,,NUC120RC1DN,3.45,2.65,2.21,2.00,1.93,,76.80%,64.00%,58.00%,56.00%,0.00%
M0M23,,NUC120RD2DN,3.88,2.98,2.48,2.25,2.17,,76.80%,64.00%,58.00%,56.00%,0.00%
M0M23,,NUC120RE3DN,4.55,3.49,2.91,2.64,2.55,,76.80%,64.00%,58.00%,56.00%,0.00%
M0M23,,NUC120VE3DN,4.98,3.82,3.18,2.89,2.79,,76.80%,64.00%,58.00%,56.00%,0.00%
M0M23,,NUC121LC2AE,1.68,1.29,1.07,0.97,0.94,,76.80%,64.00%,58.00%,56.00%,0.00%
M0M23,,NUC121SC2AE,1.85,1.42,1.18,1.07,1.04,,76.80%,64.00%,58.00%,56.00%,0.00%
M0M23,,NUC121ZC2AE,1.53,1.17,0.98,0.88,0.85,,76.80%,64.00%,58.00%,56.00%,0.00%
M0M23,,NUC123SD4AN0,1.63,1.25,1.04,0.94,0.91,,76.80%,64.00%,58.00%,56.00%,0.00%
M0M23,,NUC125LC2AE,1.68,1.29,1.07,0.97,0.94,,76.80%,64.00%,58.00%,56.00%,0.00%
M0M23,,NUC125SC2AE,1.85,1.42,1.18,1.07,1.04,,76.80%,64.00%,58.00%,56.00%,0.00%
M0M23,,NUC125ZC2AE,1.53,1.17,0.98,0.88,0.85,,76.80%,64.00%,58.00%,56.00%,0.00%
M0M23,,NUC126LG4AE,2.88,2.21,1.84,1.67,1.61,,76.80%,64.00%,58.00%,56.00%,0.00%
M0M23,,NUC126SG4AE,3.18,2.44,2.03,1.84,1.78,,76.80%,64.00%,58.00%,56.00%,0.00%
M0M23,,NUC12SRE3DE,5.00,3.84,3.20,2.90,2.80,,76.80%,64.00%,58.00%,56.00%,0.00%
M0M23,,NUC131LC2AE,2.30,1.77,1.47,1.33,1.29,,76.80%,64.00%,58.00%,56.00%,0.00%
M0M23,,NUC131LD2AE,2.43,1.86,1.55,1.41,1.36,,76.80%,64.00%,58.00%,56.00%,0.00%
M0M23,,NUC131SC2AE,2.48,1.90,1.58,1.44,1.39,,76.80%,64.00%,58.00%,56.00%,0.00%
M0M23,,NUC131SD2AE,2.60,2.00,1.66,1.51,1.46,,76.80%,64.00%,58.00%,56.00%,0.00%
M0M23,,NUC200LC2AN,2.03,1.56,1.30,1.17,1.13,,76.80%,64.00%,58.00%,56.00%,0.00%
M0M23,,NUC200LD2AN,2.15,1.65,1.38,1.25,1.20,,76.80%,64.00%,58.00%,56.00%,0.00%
M0M23,,NUC200LE3AN,2.15,1.65,1.38,1.25,1.20,,76.80%,64.00%,58.00%,56.00%,0.00%
M0M23,,NUC200SC2AN,2.30,1.77,1.47,1.33,1.29,,76.80%,64.00%,58.00%,56.00%,0.00%
M0M23,,NUC200SD2AN,2.45,1.88,1.57,1.42,1.37,,76.80%,64.00%,58.00%,56.00%,0.00%
M0M23,,NUC200SE3AN,2.60,2.00,1.66,1.51,1.46,,76.80%,64.00%,58.00%,56.00%,0.00%
M0M23,,NUC200VE3AN,2.88,2.21,1.84,1.67,1.61,,76.80%,64.00%,58.00%,56.00%,0.00%
M0M23,,NUC220LE3AN,2.15,1.65,1.38,1.25,1.20,,76.80%,64.00%,58.00%,56.00%,0.00%
M0M23,,NUC220SC2AN,2.30,1.77,1.47,1.33,1.29,,76.80%,64.00%,58.00%,56.00%,0.00%
M0M23,,NUC220SD2AN,2.45,1.88,1.57,1.42,1.37,,76.80%,64.00%,58.00%,56.00%,0.00%
M0M23,,NUC220SE3AN,2.60,2.00,1.66,1.51,1.46,,76.80%,64.00%,58.00%,56.00%,0.00%
M0M23,,NUC220VE3AN,2.88,2.21,1.84,1.67,1.61,,76.80%,64.00%,58.00%,56.00%,0.00%
M0M23,,NUC230LC2AE,3.03,2.32,1.94,1.75,1.69,,76.80%,64.00%,58.00%,56.00%,0.00%
M0M23,,NUC230LD2AE,3.18,2.44,2.03,1.84,1.78,,76.80%,64.00%,58.00%,56.00%,0.00%
M0M23,,NUC230LE3AE,3.45,2.65,2.21,2.00,1.93,,76.80%,64.00%,58.00%,56.00%,0.00%
M0M23,,NUC230SC2AE,3.18,2.44,2.03,1.84,1.78,,76.80%,64.00%,58.00%,56.00%,0.00%
M0M23,,NUC230SE3AE,3.60,2.76,2.30,2.09,2.02,,76.80%,64.00%,58.00%,56.00%,0.00%
M0M23,,NUC230VE3AE,3.88,2.98,2.48,2.25,2.17,,76.80%,64.00%,58.00%,56.00%,0.00%
M0M23,,NUC240LC2AE,3.30,2.53,2.11,1.91,1.85,,76.80%,64.00%,58.00%,56.00%,0.00%
M0M23,,NUC240LD2AE,3.45,2.65,2.21,2.00,1.93,,76.80%,64.00%,58.00%,56.00%,0.00%
M0M23,,NUC240LE3AE,3.75,2.88,2.40,2.18,2.10,,76.80%,64.00%,58.00%,56.00%,0.00%
M0M23,,NUC240SC2AE,3.45,2.65,2.21,2.00,1.93,,76.80%,64.00%,58.00%,56.00%,0.00%
M0M23,,NUC240SD2AE,3.75,2.88,2.40,2.18,2.10,,76.80%,64.00%,58.00%,56.00%,0.00%
M0M23,,NUC240SE3AE,3.88,2.98,2.48,2.25,2.17,,76.80%,64.00%,58.00%,56.00%,0.00%
M0M23,,NUC240VE3AE,4.18,3.21,2.67,2.42,2.34,,76.80%,64.00%,58.00%,56.00%,0.00%
M0M23,,M032KIAAE,4.05,3.11,2.59,2.35,2.27,,76.80%,64.00%,58.00%,56.00%,0.00%
M0M23,,M032LC2AE,0.90,0.69,0.58,0.52,0.50,,76.80%,64.00%,58.00%,56.00%,0.00%
M0M23,,M032TD2AE,0.93,0.71,0.59,0.54,0.52,,76.80%,64.00%,58.00%,56.00%,0.00%
M0M23,,M0A21EB1AC,1.38,1.06,0.88,0.80,0.77,,76.80%,64.00%,58.00%,56.00%,0.00%
M0M23,,M0A21EC1AC,1.53,1.17,0.98,0.88,0.85,,76.80%,64.00%,58.00%,56.00%,0.00%
M0M23,,M0A21OC1AC,1.38,1.06,0.88,0.80,0.77,,76.80%,64.00%,58.00%,56.00%,0.00%
M0M23,,M0A21OB1AC,1.30,1.00,0.83,0.75,0.73,,76.80%,64.00%,58.00%,56.00%,0.00%
M0M23,,M0A23OC1AC,1.45,1.11,0.93,0.84,0.81,,76.80%,64.00%,58.00%,56.00%,0.00%
M0M23,,NUC131SD2AEU,3.18,2.44,2.03,1.84,1.78,,76.80%,64.00%,58.00%,56.00%,0.00%
M0M23,,M251EC2AE,1.10,0.84,0.70,0.64,0.62,,76.80%,64.00%,58.00%,56.00%,0.00%
M0M23,,M251FC2AE,1.00,0.77,0.64,0.58,0.56,,76.80%,64.00%,58.00%,56.00%,0.00%
M0M23,,M251KE3AE,2.00,1.54,1.28,1.16,1.12,,76.80%,64.00%,58.00%,56.00%,0.00%
M0M23,,M251LC2AE,1.45,1.11,0.93,0.84,0.81,,76.80%,64.00%,58.00%,56.00%,0.00%
M0M23,,M251LE3AE,1.63,1.25,1.04,0.94,0.91,,76.80%,64.00%,58.00%,56.00%,0.00%
M0M23,,M251LG6AE,2.13,1.63,1.36,1.23,1.19,,76.80%,64.00%,58.00%,56.00%,0.00%
M0M23,,M251SC2AE,1.50,1.15,0.96,0.87,0.84,,76.80%,64.00%,58.00%,56.00%,0.00%
M0M23,,M251SD2AE,1.55,1.19,0.99,0.90,0.87,,76.80%,64.00%,58.00%,56.00%,0.00%
M0M23,,M251SE3AE,1.75,1.34,1.12,1.02,0.98,,76.80%,64.00%,58.00%,56.00%,0.00%
M0M23,,M251SG6AE,2.25,1.73,1.44,1.31,1.26,,76.80%,64.00%,58.00%,56.00%,0.00%
M0M23,,M251ZD2AE,1.38,1.06,0.88,0.80,0.77,,76.80%,64.00%,58.00%,56.00%,0.00%
M0M23,,M252EC2AE,1.10,0.84,0.70,0.64,0.62,,76.80%,64.00%,58.00%,56.00%,0.00%
M0M23,,M252FC2AE,1.00,0.77,0.64,0.58,0.56,,76.80%,64.00%,58.00%,56.00%,0.00%
M0M23,,M252KE3AE,2.00,1.54,1.28,1.16,1.12,,76.80%,64.00%,58.00%,56.00%,0.00%
M0M23,,M252LC2AE,1.45,1.11,0.93,0.84,0.81,,76.80%,64.00%,58.00%,56.00%,0.00%
M0M23,,M252LD2AE,1.50,1.15,0.96,0.87,0.84,,76.80%,64.00%,58.00%,56.00%,0.00%
M0M23,,M252LE3AE,1.63,1.25,1.04,0.94,0.91,,76.80%,64.00%,58.00%,56.00%,0.00%
M0M23,,M252SE3AE,1.75,1.34,1.12,1.02,0.98,,76.80%,64.00%,58.00%,56.00%,0.00%
M0M23,,M252SG6AE,2.25,1.73,1.44,1.31,1.26,,76.80%,64.00%,58.00%,56.00%,0.00%
M0M23,,M252ZC2AE,1.13,0.86,0.72,0.65,0.63,,76.80%,64.00%,58.00%,56.00%,0.00%
M0M23,,M252ZD2AE,1.38,1.06,0.88,0.80,0.77,,76.80%,64.00%,58.00%,56.00%,0.00%
M0M23,,M2354LJFAE,4.98,3.82,3.18,2.89,2.79,,76.80%,64.00%,58.00%,56.00%,0.00%
M0M23,,M2354SJFAE,5.03,3.86,3.22,2.91,2.81,,76.80%,64.00%,58.00%,56.00%,0.00%
M0M23,,M2354KJFAE,5.10,3.92,3.26,2.96,2.86,,76.80%,64.00%,58.00%,56.00%,0.00%
M0M23,,M253LD3AE,2.15,1.65,1.38,1.25,1.20,,76.80%,64.00%,58.00%,56.00%,0.00%
M0M23,,M253LE3AE,1.75,1.34,1.12,1.02,0.98,,76.80%,64.00%,58.00%,56.00%,0.00%
M0M23,,M253ZE3AE,1.63,1.25,1.04,0.94,0.91,,76.80%,64.00%,58.00%,56.00%,0.00%
M0M23,,M256KE3AE,2.75,2.11,1.76,1.60,1.54,,76.80%,64.00%,58.00%,56.00%,0.00%
M0M23,,M261ZIAAE,3.75,2.88,2.40,2.18,2.10,,76.80%,64.00%,58.00%,56.00%,0.00%
M0M23,,M261SIAAE,3.88,2.98,2.48,2.25,2.17,,76.80%,64.00%,58.00%,56.00%,0.00%
M0M23,,M261KIAAE,4.03,3.09,2.58,2.33,2.25,,76.80%,64.00%,58.00%,56.00%,0.00%
M0M23,,M262ZIAAE,3.88,2.98,2.48,2.25,2.17,,76.80%,64.00%,58.00%,56.00%,0.00%
M0M23,,M262SIAAE,4.03,3.09,2.58,2.33,2.25,,76.80%,64.00%,58.00%,56.00%,0.00%
M0M23,,M262KIAAE,4.33,3.32,2.77,2.51,2.42,,76.80%,64.00%,58.00%,56.00%,0.00%
M0M23,,M263ZIAAE,4.03,3.09,2.58,2.33,2.25,,76.80%,64.00%,58.00%,56.00%,0.00%
M0M23,,M263SIAAE,4.18,3.21,2.67,2.42,2.34,,76.80%,64.00%,58.00%,56.00%,0.00%
M0M23,,M263KIAAE,4.45,3.42,2.85,2.58,2.49,,76.80%,64.00%,58.00%,56.00%,0.00%
M0M23,,M0A23EC1AC,1.58,1.21,1.01,0.91,0.88,,76.80%,64.00%,58.00%,56.00%,0.00%
M0M23,,M251KG6AE,2.50,1.92,1.60,1.45,1.40,,76.80%,64.00%,58.00%,56.00%,0.00%
M0M23,,M251LD2AE,1.50,1.15,0.96,0.87,0.84,,76.80%,64.00%,58.00%,56.00%,0.00%
M0M23,,M251ZC2AE,1.13,0.86,0.72,0.65,0.63,,76.80%,64.00%,58.00%,56.00%,0.00%
M0M23,,M252KG6AE,2.50,1.92,1.60,1.45,1.40,,76.80%,64.00%,58.00%,56.00%,0.00%
M0M23,,M252LG6AE,2.13,1.63,1.36,1.23,1.19,,76.80%,64.00%,58.00%,56.00%,0.00%
M0M23,,M252SD2AE,1.55,1.19,0.99,0.90,0.87,,76.80%,64.00%,58.00%,56.00%,0.00%
M0M23,,M071MD2AE,1.73,1.32,1.10,1.00,0.97,,76.80%,64.00%,58.00%,56.00%,0.00%
M0M23,,M071SE3AE,2.03,1.56,1.30,1.17,1.13,,76.80%,64.00%,58.00%,56.00%,0.00%
M0M23,,M071R1E3AE,2.88,2.21,1.84,1.67,1.61,,76.80%,64.00%,58.00%,56.00%,0.00%
M0M23,,M254SE3AE,2.25,1.73,1.44,1.31,1.26,,76.80%,64.00%,58.00%,56.00%,0.00%
M0M23,,M258KE3AE,2.88,2.21,1.84,1.67,1.61,,76.80%,64.00%,58.00%,56.00%,0.00%
M0M23,,M254SD2AE,1.75,1.34,1.12,1.02,0.98,,76.80%,64.00%,58.00%,56.00%,0.00%
M0M23,,M254KE3AE,2.63,2.02,1.68,1.52,1.47,,76.80%,64.00%,58.00%,56.00%,0.00%
M0M23,,M258SE3AE,2.38,1.82,1.52,1.38,1.33,,76.80%,64.00%,58.00%,56.00%,0.00%
M0M23,,NANO103ZD3AE,2.15,1.65,1.38,1.25,1.20,,76.80%,64.00%,58.00%,56.00%,0.00%
M0M23,,NANO103SD3AE,2.43,1.86,1.55,1.41,1.36,,76.80%,64.00%,58.00%,56.00%,0.00%
M0M23,,NANO103LD3AE,2.30,1.77,1.47,1.33,1.29,,76.80%,64.00%,58.00%,56.00%,0.00%
M0M23,,M0564SG4AE,3.75,2.88,2.40,2.18,2.10,,76.80%,64.00%,58.00%,56.00%,0.00%
M0M23,,M0564SE4AE,3.45,2.65,2.21,2.00,1.93,,76.80%,64.00%,58.00%,56.00%,0.00%
M0M23,,NUC126SE4AE,2.73,2.09,1.74,1.58,1.53,,76.80%,64.00%,58.00%,56.00%,0.00%
M0M23,,NUC126LE4AE,2.60,2.00,1.66,1.51,1.46,,76.80%,64.00%,58.00%,56.00%,0.00%
M0M23,,NUC123ZC2AN1,1.43,1.09,0.91,0.83,0.80,,76.80%,64.00%,58.00%,56.00%,0.00%
M0M23,,NUC123SC2AN1,1.50,1.15,0.96,0.87,0.84,,76.80%,64.00%,58.00%,56.00%,0.00%
M0M23,,NUC123LC2AN1,1.45,1.11,0.93,0.84,0.81,,76.80%,64.00%,58.00%,56.00%,0.00%
M0M23,,NANO120SD3BN,2.60,2.00,1.66,1.51,1.46,,76.80%,64.00%,58.00%,56.00%,0.00%
M0M23,,NANO110KD2BN,3.18,2.44,2.03,1.84,1.78,,76.80%,64.00%,58.00%,56.00%,0.00%
M0M23,,NANO120SD2BN,2.45,1.88,1.57,1.42,1.37,,76.80%,64.00%,58.00%,56.00%,0.00%
M0M23,,NANO110KD3BN,3.30,2.53,2.11,1.91,1.85,,76.80%,64.00%,58.00%,56.00%,0.00%
M0M23,,NANO110SD3BN,2.73,2.09,1.74,1.58,1.53,,76.80%,64.00%,58.00%,56.00%,0.00%
M0M23,,M058ZDN,1.68,1.29,1.07,0.97,0.94,,76.80%,64.00%,58.00%,56.00%,0.00%
M0M23,,M0518LC2AE,2.23,1.71,1.42,1.29,1.25,,76.80%,64.00%,58.00%,56.00%,0.00%
M0M23,,NANO102ZC2AN,2.10,1.61,1.34,1.22,1.18,,76.80%,64.00%,58.00%,56.00%,0.00%
M0M23,,NUC230SD2AE,3.45,2.65,2.21,2.00,1.93,,76.80%,64.00%,58.00%,56.00%,0.00%
M0M23,,NUC123ZD4AN0,1.45,1.11,0.93,0.84,0.81,,76.80%,64.00%,58.00%,56.00%,0.00%
M0M23,,NUC123LD4AN0,1.50,1.15,0.96,0.87,0.84,,76.80%,64.00%,58.00%,56.00%,0.00%
M0M23,,M254MD2AE,1.75,1.34,1.12,1.02,0.98,,76.80%,64.00%,58.00%,56.00%,0.00%
M0M23,,NUC100LD2DN,3.28,2.52,2.10,1.90,1.83,,76.80%,64.00%,58.00%,56.00%,0.00%
M0M23,,M256MD2AE,1.88,1.44,1.20,1.09,1.05,,76.80%,64.00%,58.00%,56.00%,0.00%
M0M23,,M254SG6AE,2.75,2.11,1.76,1.60,1.54,,76.80%,64.00%,58.00%,56.00%,0.00%
M0M23,,NUC1263ND4CE,3.00,2.30,1.92,1.74,1.68,,76.80%,64.00%,58.00%,56.00%,0.00%
M0M23,,NUC1263LD4CE,3.00,2.30,1.92,1.74,1.68,,76.80%,64.00%,58.00%,56.00%,0.00%
M0M23,,NUC1263SD4CE,3.00,2.30,1.92,1.74,1.68,,76.80%,64.00%,58.00%,56.00%,0.00%
M0M23,,NUC1263ZD4CE,2.75,2.11,1.76,1.60,1.54,,76.80%,64.00%,58.00%,56.00%,0.00%
M0M23,,M091TC2AE,2.00,1.54,1.28,1.16,1.12,,76.80%,64.00%,58.00%,56.00%,0.00%
M0M23,,M091TD2AE,2.25,1.73,1.44,1.31,1.26,,76.80%,64.00%,58.00%,56.00%,0.00%
M0M23,,M091YC2AE,2.50,1.92,1.60,1.45,1.40,,76.80%,64.00%,58.00%,56.00%,0.00%
M0M23,,M091YD2AE,2.75,2.11,1.76,1.60,1.54,,76.80%,64.00%,58.00%,56.00%,0.00%
M0M23,,NUC1262LE4AE,2.63,2.02,1.68,1.52,1.47,,76.80%,64.00%,58.00%,56.00%,0.00%
M0M23,,NUC1262NE4AE,2.75,2.11,1.76,1.60,1.54,,76.80%,64.00%,58.00%,56.00%,0.00%
M0M23,,NUC1262SE4AE,2.75,2.11,1.76,1.60,1.54,,76.80%,64.00%,58.00%,56.00%,0.00%
M0M23,,NUC1262YE4AE,2.75,2.11,1.76,1.60,1.54,,76.80%,64.00%,58.00%,56.00%,0.00%
M0M23,,NUC126VG4AE,3.75,2.88,2.40,2.18,2.10,,76.80%,64.00%,58.00%,56.00%,0.00%
M0M23,,M2003FC1AE,0.59,0.45,0.38,0.34,0.33,,76.80%,64.00%,58.00%,56.00%,0.00%
M0M23,,M2003XC1AE,0.59,0.45,0.38,0.34,0.33,,76.80%,64.00%,58.00%,56.00%,0.00%
M0M23,,M2L31KGDAE,3.88,2.98,2.48,2.25,2.17,,76.80%,64.00%,58.00%,56.00%,0.00%
M0M23,,M2L31SIDAE,3.88,2.98,2.48,2.25,2.17,,76.80%,64.00%,58.00%,56.00%,0.00%
M0M23,,M2L31LGDAE,3.25,2.50,2.08,1.89,1.82,,76.80%,64.00%,58.00%,56.00%,0.00%
M0M23,,M2L31KIDAE,4.00,3.07,2.56,2.32,2.24,,76.80%,64.00%,58.00%,56.00%,0.00%
M0M23,,M2L31LIDAE,3.50,2.69,2.24,2.03,1.96,,76.80%,64.00%,58.00%,56.00%,0.00%
M0M23,,M2L31YGDAE,3.25,2.50,2.08,1.89,1.82,,76.80%,64.00%,58.00%,56.00%,0.00%
M0M23,,M2L31YIDAE,3.50,2.69,2.24,2.03,1.96,,76.80%,64.00%,58.00%,56.00%,0.00%
M0M23,,M2L31SGDAE,3.75,2.88,2.40,2.18,2.10,,76.80%,64.00%,58.00%,56.00%,0.00%
M0M23,,M071VG4AE,3.60,2.76,2.30,2.09,2.02,,76.80%,64.00%,58.00%,56.00%,0.00%
M0M23,,M031GGD2AE,1.75,1.34,1.12,1.02,0.98,,76.80%,64.00%,58.00%,56.00%,0.00%
M0M23,,M031GGC2AE,1.58,1.21,1.01,0.91,0.88,,76.80%,64.00%,58.00%,56.00%,0.00%
M0M23,,M030GTD1AE,1.58,1.21,1.01,0.91,0.88,,76.80%,64.00%,58.00%,56.00%,0.00%
M0M23,,M030GGC1AE,1.30,1.00,0.83,0.75,0.73,,76.80%,64.00%,58.00%,56.00%,0.00%
M0M23,,NDA102FC1,1.15,0.88,0.74,0.67,0.64,,76.80%,64.00%,58.00%,56.00%,0.00%
M0M23,,M031BTYD2AN,2.60,2.00,1.66,1.51,1.46,,76.80%,64.00%,58.00%,56.00%,0.00%
M0M23,,M031BTYE3AN,2.88,2.21,1.84,1.67,1.61,,76.80%,64.00%,58.00%,56.00%,0.00%
M0M23,,M032BTAG8AN,4.75,3.65,3.04,2.76,2.66,,76.80%,64.00%,58.00%,56.00%,0.00%
M0M23,,M032BTAIAAN,5.50,4.22,3.52,3.19,3.08,,76.80%,64.00%,58.00%,56.00%,0.00%
M0M23,,NUC220LD2AN,2.15,1.65,1.38,1.25,1.20,,76.80%,64.00%,58.00%,56.00%,0.00%
M0M23,,NUC130LE3CN,4.38,3.36,2.80,2.54,2.45,,76.80%,64.00%,58.00%,56.00%,0.00%
M0M23,,NUC140RD2CN,4.68,3.59,2.99,2.71,2.62,,76.80%,64.00%,58.00%,56.00%,0.00%
M0M23,,NUC140LD2CN,4.38,3.36,2.80,2.54,2.45,,76.80%,64.00%,58.00%,56.00%,0.00%
M0M23,,NUC130LC1CN,3.78,2.90,2.42,2.19,2.11,,76.80%,64.00%,58.00%,56.00%,0.00%
M0M23,,NUC122SD2AN,2.75,2.11,1.76,1.60,1.54,,76.80%,64.00%,58.00%,56.00%,0.00%
M0M23,,NUC122SC1AN,,,,,,,,,,,
M0M23,,NUC122ZC1AN,,,,,,,,,,,
M0M23,,NUC122ZD2AN,,,,,,,,,,,
M0M23,,NUC122LD2AN,,,,,,,,,,,
M0M23,,NUC122LC1AN,,,,,,,,,,,
,,,,,,,,,,,,,
,,,,,,,,,,,,,
,,,,,,,,,,,,,
,,Name,1-99,100-499,500-999,1000-1999,2000-4999,,,,,,
Audio,,I2130YYI,1.58,1.21,1.01,0.91,0.88,,76.80%,64.00%,58.00%,56.00%,0.00%
Audio,,I2360YYI,1.97,1.51,1.26,1.14,1.10,,76.80%,64.00%,58.00%,56.00%,0.00%
Audio,,I3800FYI,1.84,1.41,1.18,1.07,1.03,,76.80%,64.00%,58.00%,56.00%,0.00%
Audio,,I3900FYI,2.23,1.71,1.43,1.29,1.25,,76.80%,64.00%,58.00%,56.00%,0.00%
Audio,,I8101SYI,0.32,0.24,0.20,0.18,0.18,,76.80%,64.00%,58.00%,56.00%,0.00%
Audio,,I91260BRI,2.01,1.55,1.29,1.17,1.13,,76.80%,64.00%,58.00%,56.00%,0.00%
Audio,,I91260CRI,2.83,2.17,1.81,1.64,1.58,,76.80%,64.00%,58.00%,56.00%,0.00%
Audio,,I9160FI,1.96,1.51,1.25,1.14,1.10,,76.80%,64.00%,58.00%,56.00%,0.00%
Audio,,I94124CDI,4.13,3.17,2.64,2.39,2.31,,76.80%,64.00%,58.00%,56.00%,0.00%
Audio,,NAU7802SGI,0.83,0.63,0.53,0.48,0.46,,76.80%,64.00%,58.00%,56.00%,0.00%
Audio,,NAU7802SGI,0.83,0.63,0.53,0.48,0.46,,76.80%,64.00%,58.00%,56.00%,0.00%
Audio,,NAU82011YG,0.42,0.32,0.27,0.25,0.24,,76.80%,64.00%,59.52%,57.14%,0.00%
Audio,,NAU8223YG,0.62,0.47,0.39,0.36,0.34,,76.80%,64.00%,58.00%,56.00%,0.00%
Audio,,NAU8315YG,0.67,0.52,0.43,0.39,0.38,,76.80%,64.00%,58.00%,56.00%,0.00%
Audio,,NAU8315YG,0.72,0.55,0.46,0.42,0.40,,76.80%,64.00%,58.00%,56.00%,0.00%
Audio,,NAU8325YG,0.84,0.65,0.54,0.49,0.47,,76.80%,64.00%,58.00%,56.00%,0.00%
Audio,,NAU83P20YGB,1.31,1.01,0.84,0.76,0.74,,76.80%,64.00%,58.00%,56.00%,0.00%
Audio,,NAU85L40YGB,1.12,0.86,0.72,0.65,0.63,,76.80%,64.00%,58.00%,56.00%,0.00%
Audio,,NAU8810YG,1.10,0.84,0.70,0.64,0.62,,76.80%,64.00%,58.00%,56.00%,0.00%
Audio,,NAU8810YG,1.15,0.88,0.74,0.67,0.64,,76.80%,64.00%,58.00%,56.00%,0.00%
Audio,,NAU8812RG,1.24,0.95,0.79,0.72,0.69,,76.80%,64.00%,58.00%,56.00%,0.00%
Audio,,NAU8812RG,1.29,0.99,0.82,0.75,0.72,,76.80%,64.00%,58.00%,56.00%,0.00%
Audio,,NAU8814YG,1.38,1.06,0.88,0.80,0.77,,76.80%,64.00%,58.00%,56.00%,0.00%
Audio,,NAU8814YG,1.43,1.09,0.91,0.83,0.80,,76.80%,64.00%,58.00%,56.00%,0.00%
Audio,,NAU88C10YG,0.86,0.66,0.55,0.50,0.48,,76.80%,64.00%,58.00%,56.00%,0.00%
Audio,,NAU88C10YG,0.91,0.70,0.58,0.52,0.51,,76.80%,64.00%,58.00%,56.00%,0.00%
Audio,,NAU88C22YG,1.07,0.82,0.68,0.62,0.60,,76.80%,64.00%,58.00%,56.00%,0.00%
Audio,,NAU88C22YG,1.12,0.86,0.71,0.65,0.62,,76.80%,64.00%,58.00%,56.00%,0.00%
Audio,,NAU88L21YG,1.05,0.81,0.67,0.61,0.59,,76.80%,64.00%,58.00%,56.00%,0.00%
Audio,,NAU88L21YG,1.19,0.91,0.76,0.69,0.67,,76.80%,64.00%,58.00%,56.00%,0.00%
Audio,,NAU88L24IG,1.98,1.52,1.27,1.15,1.11,,76.80%,64.00%,58.00%,56.00%,0.00%
Audio,,NAU88L25YGB,1.24,0.95,0.80,0.72,0.70,,76.80%,64.00%,58.00%,56.00%,0.00%
Audio,,W6810ISG,2.95,2.27,1.89,1.71,1.65,,76.80%,64.00%,58.00%,56.00%,0.00%
,,,,,,,,,,,,,
,,Name,1-999,1000-1999,2000-4999,,,,,,,,
M4,,M451LC3AE,1.84,1.67,1.61,,,,100.00%,96.55%,0.00%,,
M4,,M451LD3AE,1.94,1.75,1.69,,,,100.00%,96.55%,0.00%,,
M4,,M451LE6AE,2.21,2.00,1.93,,,,100.00%,96.55%,0.00%,,
M4,,M451LG6AE,2.30,2.09,2.02,,,,100.00%,96.55%,0.00%,,
M4,,M451MLE6AE,2.21,2.00,1.93,,,,100.00%,96.55%,0.00%,,
M4,,M451MLG6AE,2.30,2.09,2.02,,,,100.00%,96.55%,0.00%,,
M4,,M451MSC3AE,1.74,1.58,1.53,,,,100.00%,96.55%,0.00%,,
M4,,M451MSD3AE,1.74,1.58,1.53,,,,100.00%,96.55%,0.00%,,
M4,,M451RC3AE,1.94,1.75,1.69,,,,100.00%,96.55%,0.00%,,
M4,,M451RD3AE,2.03,1.84,1.78,,,,100.00%,96.55%,0.00%,,
M4,,M451RG6AE,2.54,2.31,2.23,,,,100.00%,96.55%,0.00%,,
M4,,M451VE6AE,2.48,2.25,2.17,,,,100.00%,96.55%,0.00%,,
M4,,M451VG6AE,2.58,2.33,2.25,,,,100.00%,96.55%,0.00%,,
M4,,M4521LE6AE,1.94,1.75,1.69,,,,100.00%,96.55%,0.00%,,
M4,,M4521SE6AE,2.03,1.84,1.78,,,,100.00%,96.55%,0.00%,,
M4,,M452LC3AE,1.84,1.67,1.61,,,,100.00%,96.55%,0.00%,,
M4,,M452LD3AE,1.94,1.75,1.69,,,,100.00%,96.55%,0.00%,,
M4,,M452LE6AE,2.40,2.18,2.10,,,,100.00%,96.55%,0.00%,,
M4,,M452LG6AE,2.48,2.25,2.17,,,,100.00%,96.55%,0.00%,,
M4,,M452RD3AE,2.03,1.84,1.78,,,,100.00%,96.55%,0.00%,,
M4,,M452RE6AE,2.45,2.22,2.14,,,,100.00%,96.55%,0.00%,,
M4,,M452RG6AE,2.54,2.31,2.23,,,,100.00%,96.55%,0.00%,,
M4,,M452VG6AE,2.67,2.42,2.34,,,,100.00%,96.55%,0.00%,,
M4,,M453LC3AE,2.11,1.91,1.85,,,,100.00%,96.55%,0.00%,,
M4,,M453LD3AE,2.21,2.00,1.93,,,,100.00%,96.55%,0.00%,,
M4,,M453LE6AE,2.48,2.25,2.17,,,,100.00%,96.55%,0.00%,,
M4,,M453LG6AE,2.58,2.33,2.25,,,,100.00%,96.55%,0.00%,,
M4,,M453RD3AE,2.30,2.09,2.02,,,,100.00%,96.55%,0.00%,,
M4,,M453RE6AE,2.54,2.31,2.23,,,,100.00%,96.55%,0.00%,,
M4,,M453RG6AE,2.77,2.51,2.42,,,,100.00%,96.55%,0.00%,,
M4,,M453VD3AE,2.40,2.18,2.10,,,,100.00%,96.55%,0.00%,,
M4,,M453VE6AE,2.77,2.51,2.42,,,,100.00%,96.55%,0.00%,,
M4,,M453VG6AE,2.85,2.58,2.49,,,,100.00%,96.55%,0.00%,,
M4,,M463KGCAE,3.04,2.76,2.66,,,,100.00%,96.55%,0.00%,,
M4,,M463LGCAE,2.64,2.39,2.31,,,,100.00%,96.55%,0.00%,,
M4,,M463SGCAE,2.80,2.54,2.45,,,,100.00%,96.55%,0.00%,,
M4,,M463YGCAE,2.64,2.39,2.31,,,,100.00%,96.55%,0.00%,,
M4,,M467HJHAN,7.52,6.82,6.58,,,,100.00%,96.55%,0.00%,,
M4,,M467JJHAN,7.20,6.53,6.30,,,,100.00%,96.55%,0.00%,,
M4,,M467KJHAN,5.60,5.08,4.90,,,,100.00%,96.55%,0.00%,,
M4,,M467SJHAN,5.28,4.79,4.62,,,,100.00%,96.55%,0.00%,,
M4,,M471KI8AE,3.68,3.34,3.22,,,,100.00%,96.55%,0.00%,,
M4,,M471MD6AE,1.57,1.42,1.37,,,,100.00%,96.55%,0.00%,,
M4,,M471R1E6AE,2.21,2.00,1.93,,,,100.00%,96.55%,0.00%,,
M4,,M471SE6AE,1.66,1.51,1.46,,,,100.00%,96.55%,0.00%,,
M4,,M471VI8AE,3.52,3.19,3.08,,,,100.00%,96.55%,0.00%,,
M4,,M481LIDAE,2.48,2.25,2.17,,,,100.00%,96.55%,0.00%,,
M4,,M481SGAAE,2.30,2.09,2.02,,,,100.00%,96.55%,0.00%,,
M4,,M481SIDAE,2.58,2.33,2.25,,,,100.00%,96.55%,0.00%,,
M4,,M481ZIDAE,2.40,2.18,2.10,,,,100.00%,96.55%,0.00%,,
M4,,M482KIDAE,2.94,2.67,2.58,,,,100.00%,96.55%,0.00%,,
M4,,M482LIDAE,2.67,2.42,2.34,,,,100.00%,96.55%,0.00%,,
M4,,M482SIDAE,2.77,2.51,2.42,,,,100.00%,96.55%,0.00%,,
M4,,M482ZGCAE,2.21,2.00,1.93,,,,100.00%,96.55%,0.00%,,
M4,,M482ZIDAE,2.58,2.33,2.25,,,,100.00%,96.55%,0.00%,,
M4,,M483KGCAE2A,2.77,2.51,2.42,,,,100.00%,96.55%,0.00%,,
M4,,M483KIDAE,3.14,2.84,2.74,,,,100.00%,96.55%,0.00%,,
M4,,M483SGCAE,2.48,2.25,2.17,,,,100.00%,96.55%,0.00%,,
M4,,M483SIDAE,2.94,2.67,2.58,,,,100.00%,96.55%,0.00%,,
M4,,M484KIDAE,3.22,2.91,2.81,,,,100.00%,96.55%,0.00%,,
M4,,M484SIDAE,2.94,2.67,2.58,,,,100.00%,96.55%,0.00%,,
M4,,M484SIDAE2U,3.04,2.76,2.66,,,,100.00%,96.55%,0.00%,,
M4,,M485KIDAE,3.50,3.18,3.07,,,,100.00%,96.55%,0.00%,,
M4,,M485SIDAE,3.31,3.00,2.90,,,,100.00%,96.55%,0.00%,,
M4,,M487JIDAE,4.61,4.18,4.03,,,,100.00%,96.55%,0.00%,,
M4,,M487KIDAE,3.58,3.25,3.14,,,,100.00%,96.55%,0.00%,,
M4,,M487KMCAN,4.61,4.18,4.03,,,,100.00%,96.55%,0.00%,,
M4,,M487SIDAE,3.41,3.09,2.98,,,,100.00%,96.55%,0.00%,,
M4,,M48SSIDAE,3.68,3.34,3.22,,,,100.00%,96.55%,0.00%,,
M4,,NUC505DL13Y,2.48,2.25,2.17,,,,100.00%,96.55%,0.00%,,
M4,,NUC505DLA,2.21,2.00,1.93,,,,100.00%,96.55%,0.00%,,
M4,,NUC505DS13Y,2.77,2.51,2.42,,,,100.00%,96.55%,0.00%,,
M4,,NUC505DSA,2.58,2.33,2.25,,,,100.00%,96.55%,0.00%,,
M4,,NUC505YLA,2.48,2.25,2.17,,,,100.00%,96.55%,0.00%,,
M4,,NUC505YLA2Y,2.40,2.18,2.10,,,,100.00%,96.55%,0.00%,,
M4,,NUC505YO13Y,2.94,2.67,2.58,,,,100.00%,96.55%,0.00%,,
M4,,M481LE8AE,1.94,1.75,1.69,,,,100.00%,96.55%,0.00%,,
M4,,M481LGCAE,2.21,2.00,1.93,,,,100.00%,96.55%,0.00%,,
M4,,M481SE8AE,2.03,1.84,1.78,,,,100.00%,96.55%,0.00%,,
M4,,M481SGCAE,2.30,2.09,2.02,,,,100.00%,96.55%,0.00%,,
M4,,M481ZE8AE,1.74,1.58,1.53,,,,100.00%,96.55%,0.00%,,
M4,,M481ZGCAE,2.03,1.84,1.78,,,,100.00%,96.55%,0.00%,,
M4,,M482KGCAE,2.58,2.33,2.25,,,,100.00%,96.55%,0.00%,,
M4,,M482LE8AE,2.03,1.84,1.78,,,,100.00%,96.55%,0.00%,,
M4,,M482LGCAE,2.30,2.09,2.02,,,,100.00%,96.55%,0.00%,,
M4,,M482SE8AE,2.11,1.91,1.85,,,,100.00%,96.55%,0.00%,,
M4,,M482SGCAE,2.40,2.18,2.10,,,,100.00%,96.55%,0.00%,,
M4,,M482ZE8AE,1.94,1.75,1.69,,,,100.00%,96.55%,0.00%,,
M4,,M483KGCAE,2.67,2.42,2.34,,,,100.00%,96.55%,0.00%,,
M4,,M483SGCAE2A,2.58,2.33,2.25,,,,100.00%,96.55%,0.00%,,
M4,,M485LIDAE,3.14,2.84,2.74,,,,100.00%,96.55%,0.00%,,
M4,,M481SGCAE2A,2.40,2.18,2.10,,,,100.00%,96.55%,0.00%,,
M4,,M451MLC3AE,1.74,1.58,1.53,,,,100.00%,96.55%,0.00%,,
M4,,M451MLD3AE,1.74,1.58,1.53,,,,100.00%,96.55%,0.00%,,
M4,,M451RE6AE,2.26,2.04,1.97,,,,100.00%,96.55%,0.00%,,
M4,,M433LE8AE,1.28,1.16,1.12,,,,100.00%,96.55%,0.00%,,
M4,,M433SE8AE,1.36,1.23,1.19,,,,100.00%,96.55%,0.00%,,
M4,,M471CI8AE,4.00,3.63,3.50,,,,100.00%,96.55%,0.00%,,
M4,,M485YIDAE,3.14,2.84,2.74,,,,100.00%,96.55%,0.00%,,
M4,,NUC442KG8AE,9.20,8.34,8.05,,,,100.00%,96.55%,0.00%,,
M4,,NUC442KI8AE,9.20,8.34,8.05,,,,100.00%,96.55%,0.00%,,
M4,,NUC442VI8AE,7.36,6.67,6.44,,,,100.00%,96.55%,0.00%,,
M4,,NUC472HG8AE,18.40,16.68,16.10,,,,100.00%,96.55%,0.00%,,
M4,,NUC442RG8AE,5.52,5.00,4.83,,,,100.00%,96.55%,0.00%,,
M4,,NUC472VI8AE,7.36,6.67,6.44,,,,100.00%,96.55%,0.00%,,
M4,,NUC442VG8AE,6.45,5.84,5.64,,,,100.00%,96.55%,0.00%,,
M4,,NUC472KI8AE,9.20,8.34,8.05,,,,100.00%,96.55%,0.00%,,
M4,,NUC472JG8AE,9.20,8.34,8.05,,,,100.00%,96.55%,0.00%,,
M4,,NUC472HI8AE,18.40,16.68,16.10,,,,100.00%,96.55%,0.00%,,
M4,,NUC472VG8AE,6.45,5.84,5.64,,,,100.00%,96.55%,0.00%,,
,,,,,,,,,,,,,
,,Name,1-99,100-499,500-999,,,,,,,,
MPU,,NUC972DF63YC,6.44,6.21,5.98,,,,100.00%,96.30%,0.00%,,
MPU,,NUC975DK63YC,6.16,5.94,5.72,,,,100.00%,96.30%,0.00%,,
MPU,,NUC976DK63YC,6.16,5.94,5.72,,,,100.00%,96.30%,0.00%,,
MPU,,NUC977DK63YC,6.16,5.94,5.72,,,,100.00%,96.30%,0.00%,,
MPU,,NUC980DF61YC,6.44,6.21,5.98,,,,100.00%,96.30%,0.00%,,
MPU,,NUC980DF63YC,6.44,6.21,5.98,,,,100.00%,96.30%,0.00%,,
MPU,,NUC980DF71YC,7.28,7.02,6.76,,,,100.00%,96.30%,0.00%,,
MPU,,NUC980DK61Y,6.16,5.94,5.72,,,,100.00%,96.30%,0.00%,,
MPU,,NUC980DK61YC,6.16,5.94,5.72,,,,100.00%,96.30%,0.00%,,
MPU,,NUC980DK63YC,6.16,5.94,5.72,,,,100.00%,96.30%,0.00%,,
MPU,,NUC980DK71YC,7,6.75,6.5,,,,100.00%,96.30%,0.00%,,
MPU,,NUC980DR61YC,5.74,5.535,5.33,,,,100.00%,96.30%,0.00%,,
MPU,,NUC980DR63YC,5.74,5.535,5.33,,,,100.00%,96.30%,0.00%,,
MPU,,N9H20K11N,3.08,2.97,2.86,,,,100.00%,96.30%,0.00%,,
MPU,,N9H20K31N,3.36,3.24,3.12,,,,100.00%,96.30%,0.00%,,
MPU,,N9H20K51N,3.64,3.51,3.38,,,,100.00%,96.30%,0.00%,,
MPU,,N9H26K63N,6.58,6.345,6.11,,,,100.00%,96.30%,0.00%,,
MPU,,N9H30F61IEC,6.44,6.21,5.98,,,,100.00%,96.30%,0.00%,,
MPU,,N9H30F63IEC,6.44,6.21,5.98,,,,100.00%,96.30%,0.00%,,
MPU,,N9H30F71IEC,7.28,7.02,6.76,,,,100.00%,96.30%,0.00%,,
MPU,,N9H30K63IEC,6.16,5.94,5.72,,,,100.00%,96.30%,0.00%,,
MPU,,N9H26K61N,6.58,6.345,6.11,,,,100.00%,96.30%,0.00%,,
MPU,,N32926U6DN,6.58,6.345,6.11,,,,100.00%,96.30%,0.00%,,
MPU,,NUC972DF61Y,6.44,6.21,5.98,,,,100.00%,96.30%,0.00%,,
MPU,,NUC980DF61Y,6.44,6.21,5.98,,,,100.00%,96.30%,0.00%,,
MPU,,NUC980DF71Y,7.28,7.02,6.76,,,,100.00%,96.30%,0.00%,,
MPU,,NUC980DK71Y,7,6.75,6.5,,,,100.00%,96.30%,0.00%,,
MPU,,NUC980DR61Y,5.74,5.535,5.33,,,,100.00%,96.30%,0.00%,,
MPU,,NUC977DK61Y,6.16,5.94,5.72,,,,100.00%,96.30%,0.00%,,
MPU,,N9H26K51N,6.3,6.075,5.85,,,,100.00%,96.30%,0.00%,,
MPU,,NUC972DF61YC,6.44,6.21,5.98,,,,100.00%,96.30%,0.00%,,
MPU,,N32905U3DN,3.64,3.51,3.38,,,,100.00%,96.30%,0.00%,,